epoch_index,avg_tps
2424.0,7.332415817964951
2425.0,9.303445845012504
2426.0,10.04112681927125
2427.0,9.09794950008473
2428.0,9.209575951304112
2429.0,10.845260740049527
2430.0,9.724434065313197
2431.0,9.583228127215811
2432.0,10.65859679588675
2433.0,13.933936955063716
2434.0,9.552267223690778
2435.0,10.305449073908214
2436.0,7.127601222626973
2437.0,9.306021138037792
