epoch_index,avg_latency_sec
2424.0,196.52417006705448
2425.0,20.317539654584333
2426.0,12.149433992938015
2427.0,26.13241101657708
2428.0,11.541866642868841
2429.0,13.171372276050837
2430.0,9.7279381331352557
2431.0,11.902215585054613
2432.0,14.694185384581848
2433.0,32.569281566807391
2434.0,10.264163984881257
2435.0,11.628911583897558
2436.0,6.4273762388806395
2437.0,27.815087577929518
