epoch_index,avg_tps
2424.0,4.011774780560907
2425.0,4.519411201933568
2426.0,5.759578311160513
2427.0,5.531757329266226
2428.0,4.001921311252423
2429.0,5.742687434949575
2430.0,5.070209800745792
2431.0,4.727011742732131
2432.0,5.698707799172583
2433.0,7.290673867768011
2434.0,5.377303732184779
2435.0,4.029520295202952
2436.0,3.038165222124524
2437.0,5.275915447848831
