epoch_index,avg_latency_sec
2424.0,5.9001777921448193
2425.0,2.6161876939103652
2426.0,2.2957347366871526
2427.0,2.5444423386714679
2428.0,2.7020550978828948
2429.0,2.2134714390782047
2430.0,2.0788908765652954
2431.0,2.6345717598427183
2432.0,2.6863798530954868
2433.0,2.2862029046516512
2434.0,2.1478578641150166
2435.0,2.4804722979109917
2436.0,1.8433910370490216
2437.0,2.0672984772654663
