epoch_index,avg_latency_sec
2424.0,64.778460506354165
2425.0,10.764010517637098
2426.0,6.6879758763663766
2427.0,10.94216812844447
2428.0,6.4057076335456236
2429.0,6.8311589696797395
2430.0,5.0270041379105379
2431.0,6.4718545348114009
2432.0,7.6835551572186134
2433.0,9.5198426435877277
2434.0,4.9475585776359923
2435.0,5.9915226359401119
2436.0,3.2377188690816632
2437.0,14.272005706307294
