epoch_index,avg_tps
2424.0,20.85535370217451
2425.0,18.05970224407929
2426.0,31.62209524471152
2427.0,27.7894594136587
2428.0,28.578654742068213
2429.0,28.92556436851739
2430.0,23.93419714490188
2431.0,24.11097660100652
2432.0,27.724109164581098
2433.0,27.80691164531046
2434.0,20.672994805626928
2435.0,25.292157775946688
2436.0,15.667148180714316
2437.0,25.172440482545102
