epoch_index,avg_tps
2424.0,0.4730556320151695
2425.0,0.7411504053441648
2426.0,0.4719337246865122
2427.0,0.3576681918318929
2428.0,0.3838881898867616
2429.0,0.2927897211355561
2430.0,0.3158311047497081
2431.0,0.3430641786140463
2432.0,0.4056216694757989
2433.0,0.3354160048007342
2434.0,0.384439063164316
2435.0,0.3352738867194497
2436.0,0.2588033329146254
2437.0,0.2506405465997651
