epoch_index,avg_latency_sec
2424.0,37.860532726028985
2425.0,7.567130924245431
2426.0,4.7995634335844777
2427.0,7.6292249520368038
2428.0,4.9509999039974
2429.0,5.3396137751649251
2430.0,4.247939374220489
2431.0,4.9733817454717348
2432.0,5.9894178457449376
2433.0,8.43590818638857
2434.0,5.4031222121378066
2435.0,5.5307294129098619
2436.0,3.0120984441500687
2437.0,8.0956554659446791
