epoch_index,avg_tps
2424.0,3.1620637979019484
2425.0,3.2289229426475767
2426.0,4.8618916947445205
2427.0,4.493424843246907
2428.0,4.452613323358384
2429.0,4.784768330761224
2430.0,4.7210252740216205
2431.0,3.793819068536741
2432.0,4.645691812656418
2433.0,5.082724416675491
2434.0,3.8397693032885374
2435.0,5.019471214129617
2436.0,3.513524264120923
2437.0,4.3855022952919835
