epoch_index,avg_latency_sec
2424.0,34.18287068381855
2425.0,6.1586164594336088
2426.0,4.61840121741243
2427.0,7.0263655117534141
2428.0,4.4540736837281756
2429.0,4.9439535546587825
2430.0,3.7459200485086388
2431.0,4.6460591694397593
2432.0,5.2591818934746408
2433.0,7.0352285078322252
2434.0,3.5038465241671477
2435.0,4.2180381632806059
2436.0,2.5203334386004634
2437.0,7.2876809036357217
