epoch_index,avg_tps
3060.0,15.049502212389381
3061.0,17.693120626021017
3062.0,18.823891956733057
3063.0,18.213868056438287
