epoch_index,avg_tps
3060.0,8.8814067109144545
3061.0,13.743783151483372
3062.0,13.426961179706728
3063.0,10.721272403711707
