epoch_index,avg_tps
3060.0,10.035098635693215
3061.0,8.3683722243510879
3062.0,10.303096109697835
3063.0,11.258167026820898
