epoch_index,avg_tps
3060.0,0.27929111356932151
3061.0,0.27097997297460824
3062.0,0.30750139604144694
3063.0,0.47317910258039914
