epoch_index,avg_tps
3060.0,6.7890164085545726
3061.0,9.7887784119557111
3062.0,9.3172633451221269
3063.0,7.5832909622473625
