epoch_index,avg_tps
3060.0,6.824276364306785
3061.0,12.989714216566162
3062.0,12.311534404665881
3063.0,9.3111414770560561
