epoch_index,avg_tps
3060.0,9.8428281710914458
3061.0,9.37898069902991
3062.0,10.08006039171889
3063.0,9.5689271641032168
