epoch_index,total_avg_tps
3060.0,751.6935121912106
3061.0,1012.1069163240076
3062.0,1125.864663970272
3063.0,604.9481510463156
