epoch_index,total_avg_latency_sec
3060.0,297.6751277864889
3061.0,322.2908716605957
3062.0,326.5818414858477
3063.0,191.5613451097831
